m,T,p,method,cbar_star,cbar_star_se,cv5_mzt_at_star,power_feasible_at_star,n_lambda,n_fallback,definition,seconds
2,52,0,maic,-12.789600612479397,0.1682302329069807,-2.4617849654967543,0.5828180597293146,15,0,oracle-PT (ERS envelope); cv & powF are feasible,232.8
2,52,0,const,-12.789600612479397,0.1682302329069807,-2.8628759698916997,0.7038478942635795,15,0,oracle-PT (ERS envelope); cv & powF are feasible,121.8
2,52,1,maic,-10.580010986500039,0.1434691104663126,-2.119040350128345,0.4822010488401568,15,0,oracle-PT (ERS envelope); cv & powF are feasible,266.5
2,52,2,maic,-11.104633810885803,0.20209577875774523,-2.194110061876329,0.44909513442635457,15,0,oracle-PT (ERS envelope); cv & powF are feasible,291.1
2,52,4,maic,-14.135556555750961,0.30049300068854495,-2.35154705588575,0.4841890246454078,15,0,oracle-PT (ERS envelope); cv & powF are feasible,302.9
