currency,m,T,kmax,k_bic_sq,k_gs_sq,k_bic_cq,k_gs_cq,alpha_sq,alpha_cq,hl_sq,hl_cq
AUD,2,55,10,2,10,4,10,0.9696253141231175,0.7152255099090384,22.471540986126055,2.068124428478922
CAD,2,55,10,2,8,2,8,0.938792344556606,0.9077908418564079,10.974296082509454,7.164957916088339
CHF,2,55,10,1,10,1,8,0.9891176336164156,0.8617305738125576,63.34732147818566,4.657852247978957
GBP,2,55,10,3,10,4,8,0.9643986906848231,0.7337235622383642,19.121042898313963,2.238681609499124
JPY,2,55,10,1,10,1,1,0.9884948274114499,0.7975209311580888,59.899327545499645,3.063671879867384
NOK,2,55,10,2,7,2,10,0.9291792748243145,0.8396129007352424,9.436533324771979,3.9650479290734935
NZD,2,55,10,2,10,4,2,0.9795158477035628,0.765622835150021,33.49044743691816,2.595419055493931
SEK,2,55,10,1,9,2,8,0.9497601690022316,0.7575003532080965,13.447214909747176,2.495747660279815
